,Channel,Region,Fresh,Milk,Grocery,Frozen,Detergents_Paper,Delicatessen,x_kpca_rbf,y_kpca_rbf,x_kpca_poly,y_kpca_poly,x_kpca_cos,y_kpca_cos,cluster_kpca_rbf
0,Retail,Other,12669,9656,7561,214,2674,1338,0.052873678513906085,-0.09570202833393904,0.0783737058955521,-0.1731146036428405,0.5047893015158403,0.009622306647377486,1
1,Retail,Other,7057,9810,9568,1762,3293,1776,0.12964618401642966,-0.16045812129786965,0.18581254641290845,-0.30741471406459697,0.8899412223120095,-0.26283294632794424,1
2,Retail,Other,6353,8808,7684,2405,3516,7844,0.21020537269667086,0.04844604646265678,0.3417015381326232,0.07504775170557658,0.4739940541267175,0.2356868332458663,1
3,HoReCa,Other,13265,1196,4221,6404,507,1788,-0.21624322605827745,0.10516496683103856,-0.25330352365834563,0.2503524263190757,-0.6186114271241638,0.3701305442802823,4
4,Retail,Other,22615,5410,7198,3915,1777,5185,-0.011687374284495105,0.26543162695756484,0.13661671368898715,0.3752792354602764,0.06889953794312631,0.8618293827365124,4
5,Retail,Other,9413,8259,5126,666,1795,1451,-0.036466297361146295,-0.13284548868140938,-0.088953304338434,-0.21226471169213568,0.10295629527946527,-0.33045648010926554,0
6,Retail,Other,12126,3199,6975,480,3140,545,-0.0697155932203247,-0.11732621082881504,-0.14353041259380808,-0.1663058931990576,-0.0921679624177764,-0.2898919276536129,0
7,Retail,Other,7579,4956,9426,1669,3321,2566,0.043759443842918765,-0.14661913883939387,0.0408969858378443,-0.2627155987279704,0.5540934639173398,-0.34755086203661506,1
8,HoReCa,Other,5963,3648,6192,425,1716,750,-0.09675019886902207,-0.20506029089817546,-0.22048402954290264,-0.3051577883697476,-0.15578901423447727,-0.6896927304727346,0
9,Retail,Other,6006,11093,18881,1159,7425,2098,0.4936685721899786,-0.15555600801111785,0.7089688368462724,-0.2911925018216325,1.1648509491774437,0.02374672490646717,2
10,Retail,Other,3366,5403,12974,4400,5977,1744,0.2106778090188271,-0.16964359555283165,0.3197406409241957,-0.3065245780476245,0.8649020932926701,-0.1928630625234264,1
11,Retail,Other,13146,1124,4523,1420,549,497,-0.2215069356965096,-0.04301981096108621,-0.3554518255692505,0.013874803248531666,-0.6524416952788552,-0.10638673171860977,0
12,Retail,Other,31714,12319,11757,287,3881,2931,0.2047987318660786,0.2930467306242142,0.3854465445073945,0.33572883668073583,0.5189256754099244,0.8891844129165526,3
13,Retail,Other,21217,6208,14982,3095,6707,602,0.22492371282292772,0.08412699715331325,0.3895006007283216,0.05937381327534829,0.7459587900333253,0.6652437528164209,1
14,Retail,Other,24653,9465,12091,294,5058,2168,0.19615395161835375,0.13023054987066882,0.3555111665729349,0.1442177849516532,0.6716997036238878,0.7605400813714223,1
15,HoReCa,Other,10253,1114,3821,397,964,412,-0.20604613498047025,-0.11610486588018876,-0.3543552000608612,-0.11021859390248892,-0.5245171920456188,-0.34778855844424866,0
16,Retail,Other,1020,8816,12121,134,4508,1080,0.2274828041034752,-0.28469273656532,0.3226356449874316,-0.4722189977111656,0.8519358136546634,-0.546035266732378,1
17,HoReCa,Other,5876,6157,2933,839,370,4478,-0.07176423537634714,-0.0875503873566996,-0.07000249896230751,-0.09035047264311913,-0.033220293296646934,-0.1149311364462004,0
18,Retail,Other,18601,6327,10099,2205,2767,3181,0.03992590448697314,0.08402689619844292,0.11654191916216393,0.11785312476009355,0.38766037522140107,0.8429922154646656,4
19,HoReCa,Other,7780,2495,9464,669,2518,501,-0.04484567184704727,-0.1851956296045372,-0.12022755406904632,-0.2835482007710935,0.044765436443673916,-0.5527699503922411,0
20,Retail,Other,17546,4519,4602,1066,2259,2124,-0.11095404619357684,0.03344697483640411,-0.14690021076745388,0.09957113896938698,-0.3075208902858988,0.4431883052888924,0
21,HoReCa,Other,5567,871,2010,3383,375,569,-0.24353177280560864,-0.1131100670948574,-0.3995107138663487,-0.0926408201774206,-0.6188073618880087,-0.3876127760478731,0
22,HoReCa,Other,31276,1917,4469,9408,2381,4334,-0.06805144353149092,0.5381913850229696,0.20435998773200145,0.6356359259636722,-0.15600433489142088,1.0050370853124675,3
23,Retail,Other,26373,36423,22019,5154,4337,16523,0.4514279462992258,0.4340437448097883,0.3902661572691497,0.25694960257342203,0.7065213342862839,0.6250312465235662,3
24,Retail,Other,22647,9776,13792,2915,4482,5778,0.26356482638519285,0.2284983286687023,0.4278165407333481,0.22478368660722733,0.6516647402081209,0.8093177360160556,3
25,Retail,Other,16165,4230,7595,201,4003,57,-0.023400880290824468,-0.05949553065770308,-0.03163512873405405,-0.07255095160998658,0.11452974129428214,0.06812692646640407,0
26,HoReCa,Other,9898,961,2861,3151,242,833,-0.2497047669045732,-0.04868561676100605,-0.40014060362739423,0.00853541469734833,-0.7423357127810758,-0.17657511608256213,0
27,HoReCa,Other,14276,803,3045,485,100,518,-0.2491491000458861,-0.027513499020590096,-0.3700525126455124,0.05391791921403444,-0.6391505057184972,-0.07438347274703094,0
28,Retail,Other,4113,20484,25957,1158,8604,5206,0.7542725293909501,0.04020315600901949,0.7016207368605808,0.07310145750804095,1.124945328050573,0.21303748583376186,2
29,HoReCa,Other,43088,2100,2609,1200,1107,823,-0.12638479479376746,0.5346064697582527,0.18268354738980785,0.6814840445911234,-0.27649261022401883,0.8502143237539176,3
30,HoReCa,Other,18815,3610,11107,1148,2134,2963,-0.007407037413694821,0.06725798705065196,0.04311921712672606,0.11745335924201455,0.16493083317346766,0.6234542505990079,4
31,HoReCa,Other,2612,4339,3133,2088,820,985,-0.14954951184126347,-0.19973477021747024,-0.2947866262456746,-0.2721066923785619,-0.32028322774489426,-0.6543615200910099,0
32,HoReCa,Other,21632,1318,2886,266,918,405,-0.2268519676811981,0.10124602462623557,-0.2515720524686855,0.2660610840718822,-0.5331976714561585,0.3096951135050879,4
33,HoReCa,Other,29729,4786,7326,6130,361,1083,-0.1282850581623546,0.3998990975053439,0.0418235028907644,0.6263327105684743,-0.2657127763492741,1.0160176758685076,4
34,HoReCa,Other,1502,1979,2262,425,483,395,-0.1891955365156336,-0.2338404951337585,-0.33950761274923474,-0.2859829888576615,-0.3553345601724852,-0.6617378578423456,0
35,Retail,Other,688,5491,11091,833,4239,436,0.12567680076707416,-0.2926489592380956,0.15318548998698026,-0.4720462749746823,0.6000385488030897,-0.6994720898570789,1
36,HoReCa,Other,29955,4362,5428,1729,862,4626,-0.07490778440677777,0.3587250569986075,0.11579078334966646,0.5158516314924014,-0.1089655907629359,0.8729278267080999,4
37,Retail,Other,15168,10556,12477,1920,6506,714,0.2779010566489662,-0.045145956281025384,0.4474462104001666,-0.15055607597941165,1.0110854714933877,0.3545071689871434,1
38,Retail,Other,4591,15729,16709,33,6956,433,0.5088895400207489,-0.17992972966704668,0.6931422223897346,-0.27107464556930283,1.066999096572845,-0.08668972605110868,2
39,HoReCa,Other,56159,555,902,10002,212,2916,0.0011534773885987875,0.8220882021752699,0.38129056315361054,0.5589487619332957,-0.2658160897709318,1.0520557688481054,3
40,HoReCa,Other,24025,4332,4757,9510,1145,5864,-0.032239955548381376,0.4461745338424912,0.2115296314258811,0.5158501567286049,-0.0706633043811793,0.8768592401126599,3
41,HoReCa,Other,19176,3065,5956,2033,2575,2802,-0.09802047435051144,0.09632757038358687,-0.09230035545523266,0.19668690026864866,-0.22676153440559005,0.6812704745370022,4
42,Retail,Other,10850,7555,14961,188,6899,46,0.29889717776416963,-0.15737636426047766,0.4630010122647914,-0.2927065312654559,0.9339095988837433,-0.04149593103471525,1
43,Retail,Other,630,11095,23998,787,9529,72,0.6333539368942155,-0.18079964350409647,0.7874656499758457,-0.2060123987575109,1.07821103053817,-0.12640716133471094,2
44,Retail,Other,9670,7027,10471,541,4618,65,0.11821939187426735,-0.17633709856656554,0.16846143696562346,-0.31606742675509564,0.6993504189316262,-0.3014026813903084,1
45,Retail,Other,5181,22044,21531,1740,7353,4985,0.689796449644572,0.03594302634918043,0.6868279055313026,0.05304779726024906,1.0837711459780297,0.2388126338146772,2
46,Retail,Other,3103,14069,21955,1668,6792,1452,0.5735478600785708,-0.15203914947613245,0.7630314684360967,-0.23766436946537106,1.1362540837239703,-0.007844312938152406,2
47,Retail,Other,44466,54259,55571,7782,24171,6465,0.43494532563026256,0.44154087493624455,0.3902727289147296,0.25796698855143496,1.0468195374740168,0.6355703661769256,3
48,Retail,Other,11519,6152,10868,584,5121,1476,0.13561872349870402,-0.13176945434573706,0.20654515531327852,-0.2600170566936906,0.8848206201740582,-0.06628411696761602,1
49,Retail,Other,4967,21412,28921,1798,13583,1163,0.8621295544651941,0.06057279612839377,0.7289714387313021,0.11588236817646205,1.1659077580747397,0.1655320277455521,2
50,HoReCa,Other,6269,1095,1980,3860,609,2162,-0.2210588689287805,-0.07080960169479131,-0.3430795910530943,-0.035973347916172904,-0.5820706110905147,-0.2261973041128452,0
51,HoReCa,Other,3347,4051,6996,239,1538,301,-0.07204337365610985,-0.2487907956041573,-0.180869050289426,-0.3679504169323376,-0.02872294493942028,-0.7430876992955525,0
52,Retail,Other,40721,3916,5876,532,2587,1278,-0.05211752857316538,0.4684989831224589,0.2038552173913671,0.6261716702573181,-0.08674957266417054,0.8909028791210399,3
53,Retail,Other,491,10473,11532,744,5611,224,0.27894702123292897,-0.281019265186206,0.4039493331332733,-0.4491321359123346,0.8740988275952079,-0.4758487853096413,1
54,HoReCa,Other,27329,1449,1947,2436,204,1333,-0.2452630725767849,0.28600811117081176,-0.16262992294600198,0.5367169722978511,-0.5661236177888774,0.6849596429801807,4
55,HoReCa,Other,5264,3683,5005,1057,2024,1130,-0.10371286656973487,-0.19973664295373034,-0.2336587348187077,-0.2988588835089221,-0.20194242985976515,-0.7210255982115942,0
56,Retail,Other,4098,29892,26866,2616,17740,1340,0.8391977821271885,0.20429638087101068,0.5426398038264193,0.23277421501496826,1.1345482302711063,0.20080584685527628,2
57,Retail,Other,5417,9933,10487,38,7572,1282,0.31854221346186723,-0.2207131181215312,0.4746777128635704,-0.3834965416127777,0.9906745830480066,-0.2410497362731377,1
58,HoReCa,Other,13779,1970,1648,596,227,436,-0.2501364703788845,-0.0351243708703212,-0.3782829305730562,0.038965550005331764,-0.6503694520222107,-0.10235035203594303,0
59,HoReCa,Other,6137,5360,8040,129,3084,1603,0.01896837189510504,-0.21248886497021371,-0.022022933753792804,-0.35734584140664943,0.37312130869020815,-0.6586893364667847,1
60,Retail,Other,8590,3045,7854,96,4095,225,-0.011511233389875431,-0.1927538496606905,-0.05983051989665639,-0.2986881440336676,0.1794932623136864,-0.5060044485503942,1
61,Retail,Other,35942,38369,59598,3254,26701,2017,0.5104345084293163,0.4434218772621704,0.39299139703675867,0.25962039045666296,1.0963961681567718,0.5179666938410346,3
62,Retail,Other,7823,6245,6544,4154,4074,964,0.009010223963096793,-0.11331377862381857,-0.009699948119070656,-0.19621106885775386,0.35342997336563764,-0.3086495975566462,1
63,Retail,Other,9396,11601,15775,2896,7677,1295,0.4270871287557405,-0.1007127399532314,0.6401918706005629,-0.24099799892956245,1.1558068953920957,0.17863504925210502,2
64,HoReCa,Other,4760,1227,3250,3724,1247,1145,-0.1948994913015228,-0.12720400654956435,-0.3396877340483365,-0.13477912051815086,-0.5182627933852391,-0.4322266616355365,0
65,Retail,Other,85,20959,45828,36,24231,1423,0.7539503554469694,0.3101013874055389,0.4410358671167091,0.2616736195916996,1.1483957385883077,0.1352469320900647,2
66,HoReCa,Other,9,1534,7417,175,3468,27,-0.025740851286433962,-0.29706174231487475,-0.09322374084288987,-0.4130771376120033,0.10625886719030267,-0.7534036783570164,1
67,Retail,Other,19913,6759,13462,1256,5141,834,0.1625888075147996,0.028913676779728007,0.292404641670514,0.0001268740718930438,0.721971166189186,0.5778175984956192,1
68,HoReCa,Other,2446,7260,3993,5870,788,3095,-0.059720274344778286,-0.0674909329470752,-0.059970701169715736,-0.06292199893640743,-0.015172720740140175,-0.09582649452127666,0
69,HoReCa,Other,8352,2820,1293,779,656,144,-0.2217294468127834,-0.13367123031116146,-0.3794441601753929,-0.13546815859725864,-0.5404623323910838,-0.41775175158718936,0
70,HoReCa,Other,16705,2037,3202,10643,116,1365,-0.19297475357562952,0.2927414674822362,-0.0506065913223727,0.4810257519427726,-0.4214474336569584,0.5814482961589558,4
71,HoReCa,Other,18291,1266,21042,5373,4173,14472,0.3614768718640653,0.3938445308299717,0.3992597551893944,0.26347509037127353,0.4284467783983813,0.5388427699211273,3
72,HoReCa,Other,4420,5139,2661,8872,1321,181,-0.1307165970681754,0.007139419616990655,-0.11135435138412916,0.09607355497591534,-0.2354513943970505,-0.003343899473301523,0
73,Retail,Other,19899,5332,8713,8132,764,648,-0.09581084189636528,0.2452898771141957,0.0008987162689011412,0.40940831904177866,-0.1884618283415237,0.8126110518976687,4
74,Retail,Other,8190,6343,9794,1285,1901,1780,0.015635017771267128,-0.14957068311069752,-0.01072082002816955,-0.2624405643679481,0.4250958639726377,-0.45365346639422,1
75,HoReCa,Other,20398,1137,3,4407,3,975,-0.29279469672820263,0.19668796820086568,-0.2988019728448944,0.4165342524963786,-0.7545245986949446,0.4775779041384737,4
76,HoReCa,Other,717,3587,6532,7530,529,894,-0.1078183422764665,-0.08298364178919952,-0.12822467153058612,-0.04654708810697796,-0.16476232815659414,-0.21796638427731924,0
77,Retail,Other,12205,12697,28540,869,12034,1009,0.7513010200440421,0.012606672707023623,0.7923752448833208,0.007641589923587497,1.1206394962774142,0.24194671092944856,2
78,HoReCa,Other,10766,1175,2067,2096,301,167,-0.25743951117413977,-0.062071937035833614,-0.4098498165501624,-0.00688327127086188,-0.7004238678739128,-0.2178807568443943,0
79,HoReCa,Other,1640,3259,3655,868,1202,1653,-0.12795969270440205,-0.2297405109441159,-0.2610406538069761,-0.3184717675598496,-0.20982097097593064,-0.6871863036900918,0
80,HoReCa,Other,7005,829,3009,430,610,529,-0.2168706693463673,-0.158190094480449,-0.3779155808867269,-0.17308419907797296,-0.5043193191568108,-0.4801727327940397,0
81,Retail,Other,219,9540,14403,283,7818,156,0.39762797424242136,-0.2772839137719737,0.5725819154133499,-0.4145797417023822,0.9656659322700974,-0.3749778514272848,1
82,Retail,Other,10362,9232,11009,737,3537,2342,0.15562033900879216,-0.11935623137668748,0.2402263946635049,-0.2448420655760987,0.9380307119266692,0.02231177815291661,1
83,HoReCa,Other,20874,1563,1783,2320,550,772,-0.25765635832255995,0.13988625323960646,-0.2961826933974486,0.33081418448807176,-0.69084816470388,0.4260821525637066,4
84,Retail,Other,11867,3327,4814,1178,3837,120,-0.0860399135778701,-0.11117096801091868,-0.1648772854952067,-0.1475219150071061,-0.15945036141570285,-0.27285492153587604,0
85,Retail,Other,16117,46197,92780,1026,40827,2944,0.37939781887327056,0.4217476697144799,0.3883366736832274,0.25626373495613336,1.14962730467541,0.3385310835504952,3
86,Retail,Other,22925,73498,32114,987,20070,903,0.40490392171366896,0.4209787594450963,0.3884367447992919,0.2563393057787002,0.972482453199326,0.3833676285205037,3
87,HoReCa,Other,43265,5025,8117,6312,1579,14351,0.2789329798705153,0.5687683065439963,0.3948303497119393,0.2825635724817165,0.1771470297673008,0.8374567839151441,3
88,HoReCa,Other,7864,542,4042,9735,165,46,-0.20145112067562107,0.1014060187765868,-0.14163510995777168,0.24733068217591675,-0.4201080075104554,0.14159061626856878,4
89,HoReCa,Other,24904,3836,5330,3443,454,3178,-0.14695611533869796,0.2756174663879382,-0.05385762013279195,0.4779438454720911,-0.3295105011262144,0.9016782884608262,4
90,HoReCa,Other,11405,596,1638,3347,69,360,-0.2786526625861948,-0.013904429429952238,-0.4136609279751093,0.0791379530274059,-0.7648710686059706,-0.08585343388841192,0
91,HoReCa,Other,12754,2762,2530,8693,627,1117,-0.20459268240444767,0.15616091755812272,-0.17362761022052645,0.32250877373418224,-0.4874605703811685,0.3928984954587663,4
92,Retail,Other,9198,27472,32034,3232,18906,5130,0.8333454214028613,0.2811143014915985,0.5108182391595898,0.2552528225022179,1.154835090436997,0.3403682040082502,2
93,HoReCa,Other,11314,3090,2062,35009,71,2698,0.2824341417452918,0.5047582272413775,0.39003501513109584,0.2639131765015505,-0.04139922301103535,0.5324876653575953,3
94,Retail,Other,5626,12220,11323,206,5038,244,0.2720800867303912,-0.21677829672043725,0.4048812679722292,-0.3705245523594402,0.9028491020028354,-0.26788944357674715,1
95,HoReCa,Other,3,2920,6252,440,223,709,-0.11777952089035533,-0.26320760865188064,-0.2406006008985139,-0.3535239289116524,-0.15294248141700914,-0.7259523252920133,0
96,Retail,Other,23,2616,8118,145,3874,217,0.016819649058288363,-0.3038568881263291,-0.02889410348951775,-0.44301064413346536,0.2375636987341917,-0.7668978256775629,1
97,HoReCa,Other,403,254,610,774,54,63,-0.23290476518451586,-0.22000370434664127,-0.36414555189200815,-0.2287867466358157,-0.4384791894903256,-0.6101071903197047,0
98,HoReCa,Other,503,112,778,895,56,132,-0.2339612330142165,-0.21704585925129466,-0.3674269063091254,-0.22596087671538276,-0.4447429754030157,-0.605494670178698,0
99,HoReCa,Other,9658,2182,1909,5639,215,323,-0.2476301522037763,0.008020704432845022,-0.3449825426219673,0.10798564535391833,-0.6720002351437817,-0.012278377094863784,0
100,Retail,Other,11594,7779,12144,3252,8035,3029,0.3096213680984108,-0.04358065723892982,0.4811708315362793,-0.14905364291346046,1.0212350486524615,0.3420047572090168,1
101,Retail,Other,1420,10810,16267,1593,6766,1838,0.42740737955827934,-0.2224780326197225,0.6231583558865993,-0.3777794219427698,1.1107038954484227,-0.19909247065608013,1
102,Retail,Other,2932,6459,7677,2561,4573,1386,0.08268564333822886,-0.22224091113867114,0.08900658922927457,-0.38479385363196383,0.6231288952200011,-0.6441470321122069,1
103,HoReCa,Other,56082,3504,8906,18028,1480,2498,0.15657822024412574,0.8031950337830329,0.4084907056239096,0.396070067382626,-0.055796439720109725,1.0789826233293738,3
104,HoReCa,Other,14100,2132,3445,1336,1491,548,-0.2003629111033987,-0.03618950340397414,-0.3249884778073255,0.017460408486121837,-0.6290412356346766,-0.056696719318935974,0
105,HoReCa,Other,15587,1014,3970,910,139,1378,-0.2322528875227961,0.011321915828106922,-0.33552612925542163,0.1088106263190944,-0.6500958512772903,0.09097042990690468,0
106,Retail,Other,1454,6337,10704,133,6830,1831,0.2467891918992703,-0.2733173503213809,0.3559703986970576,-0.44541104285488653,0.8500377029836903,-0.4713498439595628,1
107,Retail,Other,8797,10646,14886,2471,8969,1438,0.4448187308810753,-0.11626432950307115,0.656957606131547,-0.2530671506188991,1.132876611803059,0.12548255234789168,2
108,Retail,Other,1531,8397,6981,247,2505,1236,0.053762102434171635,-0.26654737047735344,0.032545962913498774,-0.42573239496644505,0.41992451566106814,-0.692318368725321,1
109,Retail,Other,1406,16729,28986,673,836,3,0.5044140636183125,-0.08404936871615262,0.5670440133693175,-0.021764297216002305,0.8466076744483279,-0.032937843585767165,2
110,HoReCa,Other,11818,1648,1694,2276,169,1647,-0.2506369133641357,-0.019802562050103133,-0.38564182829911,0.05338208702174725,-0.7471941380562046,-0.05236900511488971,0
111,Retail,Other,12579,11114,17569,805,6457,1519,0.4075813766569816,-0.08602705042351418,0.6149712853516305,-0.2154250151171669,1.1266111371117145,0.2332482770827156,2
112,HoReCa,Other,19046,2770,2469,8853,483,2708,-0.1877394602049745,0.303027792080327,-0.06586962261253472,0.5015456168575972,-0.42732050342881694,0.7242482326350235,4
113,HoReCa,Other,14438,2295,1733,3220,585,1561,-0.2421210188531184,0.042591397967247965,-0.3489118357948727,0.1564768840853578,-0.7945223177263407,0.19983769694860687,0
114,HoReCa,Other,18044,1080,2000,2555,118,1266,-0.26787320957996885,0.10016815048450887,-0.3411472876164218,0.2651940618756572,-0.7609371665114107,0.3218048939116362,4
115,HoReCa,Other,11134,793,2988,2715,276,610,-0.2529665448871017,-0.04011676688459735,-0.4010285754637832,0.0256201598903781,-0.744673654922228,-0.1425020654685161,0
116,HoReCa,Other,11173,2521,3355,1517,310,222,-0.22265548165073976,-0.0764963456297631,-0.3728441164416737,-0.04533140277986498,-0.6432933308950813,-0.2430237116066704,0
117,HoReCa,Other,6990,3880,5380,1647,319,1160,-0.15390505247913772,-0.14439015260448504,-0.2976324734428257,-0.1925040954186269,-0.4455800242829282,-0.5152476244213479,0
118,HoReCa,Other,20049,1891,2362,5343,411,933,-0.2514490006307346,0.1992246421210068,-0.2559813286399126,0.4135922402946948,-0.6971472467333837,0.592481118820543,4
119,HoReCa,Other,8258,2344,2147,3896,266,635,-0.2382797547231269,-0.061931823282124834,-0.3848570462579954,-0.017045820057282758,-0.6973197868558402,-0.22874081434465485,0
120,HoReCa,Other,17160,1200,3412,2417,174,1136,-0.24937158427046655,0.07136644304221093,-0.3382159568239349,0.21355761823079386,-0.7517771197964334,0.2784161754866318,4
121,HoReCa,Other,4020,3234,1498,2395,264,255,-0.21381724276768704,-0.16409091805056922,-0.37257923358882655,-0.18563089819244347,-0.5004713871574356,-0.5266646762265577,0
122,HoReCa,Other,12212,201,245,1991,25,860,-0.29201822346859,-0.016083334730064864,-0.4243548389161239,0.07877409271485111,-0.7554520510958851,-0.09267804919765946,0
123,Retail,Other,11170,10769,8814,2194,1976,143,0.056457904757066475,-0.08950180436705643,0.09054443614693253,-0.16089831311668926,0.4593130169470626,0.005875231508594715,1
124,HoReCa,Other,36050,1642,2961,4787,500,1621,-0.1845628932857457,0.5070191477599811,0.06833101231458255,0.7353255086402098,-0.3941619148470343,0.9411586573550248,4
125,HoReCa,Other,76237,3473,7102,16538,778,918,0.2260704099784061,0.7732284267090652,0.406823000957762,0.3174255981544435,-0.09843482792804402,1.0934505656951086,3
126,HoReCa,Other,19219,1840,1658,8195,349,483,-0.2442222450626355,0.2589809485847648,-0.16882061944967594,0.4750716088009589,-0.580324600667185,0.5714711329502036,4
127,Retail,Other,21465,7243,10685,880,2386,2749,0.04992707875912447,0.10697728116052896,0.14505130547022568,0.15897498780264654,0.3682469583780534,0.7896823044663951,4
128,HoReCa,Other,140,8847,3823,142,1062,3,-0.03383067202319947,-0.267839470634345,-0.0901617949655832,-0.3645627782042595,0.09424987307299854,-0.6576480425920515,0
129,HoReCa,Other,42312,926,1510,1718,410,1819,-0.1553662196808632,0.5523462486611447,0.1652117735472861,0.7019507615988394,-0.3444181385930851,0.8609681703287703,3
130,HoReCa,Other,7149,2428,699,6316,395,911,-0.2384409350211163,-0.0041765693770761825,-0.31819281870118515,0.08791208283469468,-0.597433248823578,-0.05936316455418333,0
131,HoReCa,Other,2101,589,314,346,70,310,-0.23815291291009094,-0.20587931624902026,-0.3790241248745069,-0.2158708218497768,-0.463578501034536,-0.578713797639558,0
132,HoReCa,Other,14903,2032,2479,576,955,328,-0.22455448409449894,-0.02775006686845649,-0.34171939430071546,0.04547060965434417,-0.602138661056144,-0.049941192020878884,0
133,HoReCa,Other,9434,1042,1235,436,256,396,-0.252915847229952,-0.10894680371044516,-0.4060073391274111,-0.0804023943253727,-0.6026583826788335,-0.339017692885771,0
134,HoReCa,Other,7388,1882,2174,720,47,537,-0.23177236419238964,-0.14091281591969848,-0.39634337074922665,-0.14462575969882996,-0.5606181849094811,-0.4407051920326431,0
135,HoReCa,Other,6300,1289,2591,1170,199,326,-0.23033986812921334,-0.15295641660549575,-0.3973277426183897,-0.1621799881117455,-0.5495345274104404,-0.4815972133534385,0
136,HoReCa,Other,4625,8579,7030,4575,2447,1542,0.02596210541759141,-0.12889709892575485,0.0218932851838763,-0.2159418420701765,0.3741944617519522,-0.2856755098802172,1
137,HoReCa,Other,3087,8080,8282,661,721,36,-0.006199399100457039,-0.2367435759723469,-0.053585155722645536,-0.3549901624963501,0.19258974877105095,-0.6077837322404098,1
138,HoReCa,Other,13537,4257,5034,155,249,3271,-0.12701414053323395,-0.015194587013337318,-0.16553635977965028,0.02342638125042109,-0.25045509731565224,0.12383531051663267,0
139,HoReCa,Other,5387,4979,3343,825,637,929,-0.14741294846652853,-0.18465047488707007,-0.2905099077731136,-0.2537742241842666,-0.3261147138942431,-0.5968350946932288,0
140,HoReCa,Other,17623,4280,7305,2279,960,2616,-0.10815885478616752,0.07714576318792231,-0.12177803098212525,0.16569803317833573,-0.3123403321213215,0.6598433811338884,4
141,HoReCa,Other,30379,13252,5189,321,51,1450,0.002560092284410828,0.2918447484906806,0.18551001238519732,0.40623128824456267,0.08226444234570242,0.7478100019184146,4
142,HoReCa,Other,37036,7152,8253,2995,20,3,-0.06903974565132956,0.44901148658369,0.16751582885839325,0.6198053550109607,-0.11708384057119775,0.9194240321215174,3
143,HoReCa,Other,10405,1596,1096,8425,399,318,-0.24053099213518284,0.10764982976925384,-0.2282951952676479,0.2630504415821841,-0.5512430953970939,0.1882623661400528,4
144,HoReCa,Other,18827,3677,1988,118,516,201,-0.2181630329551311,0.042378193904881664,-0.27765354263986103,0.16401730974887269,-0.5274023981279825,0.1708198170267597,0
145,Retail,Other,22039,8384,34792,42,12591,4430,0.7117027383037547,0.19387878871745365,0.5947264081346469,0.17396911873125806,1.006141229184228,0.4679103827562506,2
146,HoReCa,Other,7769,1936,2177,926,73,520,-0.2337139017403845,-0.13208689598313372,-0.3991324831147631,-0.13114476300919994,-0.5816546601821161,-0.4203172618249728,0
147,HoReCa,Other,9203,3373,2707,1286,1082,526,-0.1909334122310201,-0.12071828488289416,-0.3467442842458105,-0.13486305936731866,-0.5551952561024339,-0.4090612396755344,0
148,HoReCa,Other,5924,584,542,4052,283,434,-0.26717161274886736,-0.08273382804647712,-0.40473963080473135,-0.031079289192234464,-0.6515588861577457,-0.303371709768226,0
149,HoReCa,Other,31812,1433,1651,800,113,1440,-0.22105020598316688,0.3436132372550303,-0.05783684899296534,0.584411016109578,-0.4568291325623933,0.6874226156417557,4
150,HoReCa,Other,16225,1825,1765,853,170,1067,-0.2524748229185165,0.023694175936259682,-0.3546433394214766,0.13638816960781536,-0.6826989462934024,0.0968247807885948,0
151,HoReCa,Other,1289,3328,2022,531,255,1774,-0.16614121186693653,-0.21840630695376415,-0.2987011536541504,-0.27643536095532434,-0.29836122220817696,-0.6123160418221649,0
152,HoReCa,Other,18840,1371,3135,3001,352,184,-0.25496163600025146,0.10531612095458856,-0.3178863673926582,0.27404579426174464,-0.7130002608573717,0.33516691285487343,4
153,HoReCa,Other,3463,9250,2368,779,302,1627,-0.07408215189113887,-0.1858346739337124,-0.13675359207538124,-0.2549738860650585,-0.02530364034542322,-0.4570485160820828,0
154,HoReCa,Other,622,55,137,75,7,8,-0.2355267878937701,-0.22272353023917008,-0.3561379057955516,-0.2243590797286054,-0.4326545182258486,-0.6052285187176735,0
155,Retail,Other,1989,10690,19460,233,11577,2153,0.6394889877457911,-0.1629519453559159,0.7953616515078542,-0.20293077559309608,1.1168132100034918,-0.06545597653389176,2
156,Retail,Other,3830,5291,14855,317,6694,3182,0.30789003798209924,-0.20540384373949527,0.4536909063417895,-0.3406775411225528,0.9241181923173324,-0.1937233636063226,1
157,HoReCa,Other,17773,1366,2474,3378,811,418,-0.2525200954393753,0.09301186653874782,-0.32823928876946384,0.2521208905947924,-0.7434035398348676,0.31874657066891804,4
158,Retail,Other,2861,6570,9618,930,4004,1682,0.1126134958026374,-0.2493853527708036,0.13432392884255778,-0.4319449574513766,0.7024510691760878,-0.6553976083360127,1
159,Retail,Other,355,7704,14682,398,8077,303,0.37885835549976415,-0.27845648433008696,0.5496668663183777,-0.4181542000132605,0.9403612623530484,-0.3856310799528039,1
160,Retail,Other,1725,3651,12822,824,4424,2157,0.1476346968697169,-0.25333478738485404,0.1994084532119078,-0.4123420028899091,0.6645231945565448,-0.5166508387141825,1
161,HoReCa,Other,12434,540,283,1092,3,2233,-0.2657951166363093,-0.010018494246887772,-0.3684526872469836,0.07720964736390633,-0.6581413302534362,-0.03613588206617206,0
162,HoReCa,Other,15177,2024,3810,2665,232,610,-0.2367457529698802,0.0270014450184868,-0.3504243069439401,0.13442713690519614,-0.7645751534462198,0.14325486061603562,0
163,Retail,Other,5531,15726,26870,2367,13726,446,0.8066400038840515,-0.004832837123561127,0.7894216944204897,0.029520644349003887,1.1388115485652075,0.13238532456810512,2
164,Retail,Other,5224,7603,8584,2540,3674,238,0.06698255464284111,-0.1994488646702345,0.06899318218503953,-0.34702569134458233,0.5650524447037399,-0.5729601728157918,1
165,Retail,Other,15615,12653,19858,4425,7108,2379,0.4804510142307673,0.06197497706952766,0.672973025388296,-0.027874939387896217,1.0918751309052666,0.5584449005239853,2
166,Retail,Other,4822,6721,9170,993,4973,3637,0.1647728001000735,-0.17567908802427248,0.2408931093481013,-0.30416519965974936,0.7468257192290532,-0.21471590804879412,1
167,HoReCa,Other,2926,3195,3268,405,1680,693,-0.13432419599706946,-0.23621918090716104,-0.2776570476752983,-0.3267866830786447,-0.2321299735056055,-0.7136260465230615,0
168,HoReCa,Other,5809,735,803,1393,79,429,-0.25807958985061785,-0.14237762458041986,-0.4201575719559419,-0.13173918972187235,-0.593360296948672,-0.4486858678876732,0
169,HoReCa,Other,5414,717,2155,2399,69,750,-0.2455139978329427,-0.1320381546096477,-0.4097722021297638,-0.12434563292776178,-0.6058119883148262,-0.4348359117001198,0
170,Retail,Other,260,8675,13430,1116,7015,323,0.33201864437865586,-0.2782234927362602,0.4872324052395752,-0.4421929823063665,0.9371136427106036,-0.4237534680949789,1
171,Retail,Other,200,25862,19816,651,8773,6250,0.7167954260144812,0.07532405257398818,0.5923992699013432,0.14139220582110634,1.0458569457826592,0.15647799940167315,2
172,HoReCa,Other,955,5479,6536,333,2840,707,-0.00030823437207279223,-0.2849428328158384,-0.06706054380402074,-0.4412158744111223,0.22876085171766775,-0.8132785112588339,1
173,Retail,Other,514,7677,19805,937,9836,716,0.5303875640612615,-0.22224492498608253,0.7190963979951561,-0.29888298115073525,1.0334703102044016,-0.20155389960843784,2
174,HoReCa,Other,286,1208,5241,2515,153,1442,-0.16420114516672313,-0.20441265130691014,-0.2943706794120722,-0.25201412656183475,-0.3173710001339777,-0.5990677786968771,0
175,Retail,Other,2343,7845,11874,52,4196,1697,0.19479590574728894,-0.2649684175925971,0.2723417023751194,-0.4521558669606517,0.8394931227789241,-0.5293644010361328,1
176,HoReCa,Other,45640,6958,6536,7368,1532,230,-0.012224069855355344,0.6653760494521536,0.3102135041673311,0.6763598296580612,-0.0887903506126109,1.059112767282737,3
177,HoReCa,Other,12759,7330,4533,1752,20,2631,-0.11110270207353086,-0.009576683723273095,-0.15279810966323967,0.016700804425632168,-0.253266877970494,0.1892885154456858,0
178,HoReCa,Other,11002,7075,4945,1152,120,395,-0.1281500019295186,-0.09204722134103197,-0.22195267167867205,-0.10775353195881976,-0.3103192412027101,-0.21530961733714604,0
179,HoReCa,Other,3157,4888,2500,4477,273,2165,-0.15604027237869333,-0.10731700483740686,-0.2482962553747811,-0.11197676401885326,-0.3471762952873327,-0.31255534553378755,0
180,HoReCa,Other,12356,6036,8887,402,1382,2794,-0.013528877204285332,-0.06627437269605803,-0.021888134689832018,-0.10398787050332267,0.19686770367664488,0.08479873003159348,0
181,HoReCa,Other,112151,29627,18148,16745,4948,8550,0.36764511246858,0.4695558595614212,0.3883146155637437,0.2563015650100966,0.31520454368120737,1.143980401689355,3
182,HoReCa,Other,694,8533,10518,443,6907,156,0.2707932661618254,-0.2893846721391546,0.3915930928740398,-0.4528884260766425,0.8311824882809424,-0.4993679575773544,1
183,HoReCa,Other,36847,43950,20170,36534,239,47943,0.3635000239512352,0.4086569129817573,0.3881998035138965,0.2561385684770072,0.4167311489295669,0.6588168363489144,3
184,HoReCa,Other,327,918,4710,74,334,11,-0.16509969112234035,-0.2572735608146539,-0.29400532869663104,-0.3104933872602801,-0.2718517589101317,-0.6862967657639929,0
185,HoReCa,Other,8170,6448,1139,2181,58,247,-0.18948926806678926,-0.10382623035757772,-0.3132298874445181,-0.10348108526814367,-0.4720819097691627,-0.31290677059323946,0
186,HoReCa,Other,3009,521,854,3470,949,727,-0.23318718614510897,-0.14479592672657335,-0.37727290607756586,-0.13698342092036214,-0.5315603461492012,-0.463433714339905,0
187,HoReCa,Other,2438,8002,9819,6269,3459,3,0.09081437808833878,-0.1389252400027403,0.13877582408038688,-0.2077692875739371,0.4510053655644428,-0.2249869739962756,1
188,Retail,Other,8040,7639,11687,2758,6839,404,0.2354531974355361,-0.1578962786047648,0.3673561639173333,-0.3094173373507576,0.96255264450083,-0.10460441039474057,1
189,Retail,Other,834,11577,11522,275,4027,1856,0.2625290259484928,-0.2564594253622336,0.37704365907528,-0.4185381093110782,0.8890651223597421,-0.4080620337312879,1
190,HoReCa,Other,16936,6250,1981,7332,118,64,-0.1949278048732712,0.1827071294425223,-0.15615954702350926,0.35354819235948803,-0.4709306999770346,0.5091314064620941,4
191,HoReCa,Other,13624,295,1381,890,43,84,-0.2779698978024317,-0.02599957633508261,-0.3988728143339677,0.06623095846740618,-0.6786307136761256,-0.10904454061333133,0
192,HoReCa,Other,5509,1461,2251,547,187,409,-0.22396608339484808,-0.17343459102411202,-0.3873001394851868,-0.19318298864178945,-0.4994055582945402,-0.5229350079881541,0
193,Retail,Other,180,3485,20292,959,5618,666,0.3191504916849174,-0.2540366728203509,0.461874966508413,-0.35366925789540066,0.7968536434099993,-0.3468597933351013,1
194,HoReCa,Other,7107,1012,2974,806,355,1142,-0.2201032840162489,-0.1413485978874399,-0.3821057367307251,-0.1512020748364308,-0.5439638783247046,-0.4407065175644155,0
195,HoReCa,Other,17023,5139,5230,7888,330,1755,-0.14924270730598654,0.2123853237283552,-0.09205758470871404,0.3844595108821903,-0.36785369312754207,0.7252004611811526,4
196,HoReCa,Lisbon,30624,7209,4897,18711,763,2876,0.06741089288962528,0.6497674610215595,0.3623503858158108,0.473939553264817,-0.05452997962374713,0.889043552333949,3
197,Retail,Lisbon,2427,7097,10391,1127,4314,1468,0.1465979361582096,-0.2553182076916508,0.1927048799451488,-0.4451111012762356,0.7896697995948203,-0.6198985665561717,1
198,HoReCa,Lisbon,11686,2154,6824,3527,592,697,-0.1774731210508444,-0.030477332764541436,-0.2911484181274309,0.013393887601179771,-0.6570585793602719,-0.026543350787017382,0
199,HoReCa,Lisbon,9670,2280,2112,520,402,347,-0.2267816058740246,-0.11466591401770244,-0.3825170693563433,-0.10321657793792134,-0.5709611760597479,-0.3553995446716465,0
200,Retail,Lisbon,3067,13240,23127,3941,9959,731,0.656064794214806,-0.0981995416792247,0.8048675789894466,-0.14167098380226567,1.1243899280392244,0.06766620308663165,2
201,Retail,Lisbon,4484,14399,24708,3549,14235,1681,0.7902020014329171,-0.005465274952809001,0.7933232157910514,0.01563624734539779,1.1428327809286287,0.1543941542202248,2
202,HoReCa,Lisbon,25203,11487,9490,5065,284,6854,0.13117425288386553,0.3783724475550893,0.3334078602460834,0.38375452776533664,0.2763648341115688,0.8531833378937855,3
203,HoReCa,Lisbon,583,685,2216,469,954,18,-0.18960388027528247,-0.24472495914901546,-0.3276589866468185,-0.28628597965631136,-0.3390089662318441,-0.6694526312313407,0
204,HoReCa,Lisbon,1956,891,5226,1383,5,1328,-0.17670216207679484,-0.20429487747827355,-0.31921519557220673,-0.25324108243643834,-0.3556162868163077,-0.5964675471590705,0
205,Retail,Lisbon,1107,11711,23596,955,9265,710,0.6368037832465031,-0.17489388291795546,0.8036887181868522,-0.21859328560352706,1.1128785402030443,-0.09412052430901592,2
206,HoReCa,Lisbon,6373,780,950,878,288,285,-0.2508171616002277,-0.14784620329822087,-0.4112585573437755,-0.14105782931902686,-0.5681218183581834,-0.4553509207811653,0
207,Retail,Lisbon,2541,4737,6089,2946,5316,120,0.03931653051608318,-0.2289465448161253,0.023148151430315147,-0.3560255056172214,0.3374341673588874,-0.5994123402658551,1
208,HoReCa,Lisbon,1537,3748,5838,1859,3381,806,-0.035320276344702174,-0.2514928937553569,-0.12174651939146587,-0.38682960313280224,0.0993661329906957,-0.7978317747787167,0
209,Retail,Lisbon,5550,12729,16767,864,12420,797,0.6287061557789342,-0.12690607688885344,0.7807516033216433,-0.16776342743272754,1.091267202076086,0.009986998548039342,2
210,HoReCa,Lisbon,18567,1895,1393,1801,244,2100,-0.2474080202503047,0.10617569359258257,-0.2984211934513085,0.26438603715793685,-0.6723250657573943,0.3660570173177293,4
211,Retail,Lisbon,12119,28326,39694,4736,19410,2870,0.8134590296018909,0.32315211051202786,0.4825972791337716,0.2648276994777212,1.1532353989880142,0.3692337899697505,2
212,HoReCa,Lisbon,7291,1012,2062,1291,240,1775,-0.2303093265100137,-0.11449940928285887,-0.3817971574398349,-0.10602971176216901,-0.5796759948851284,-0.35505374665471656,0
213,HoReCa,Lisbon,3317,6602,6861,1329,3961,1215,0.05131552860870001,-0.2400963392589539,0.028266839487389176,-0.4069530932577929,0.4902053601356028,-0.7425799292589755,1
214,Retail,Lisbon,2362,6551,11364,913,5957,791,0.21014693402337484,-0.2690718793847613,0.3018172791715162,-0.4570284996591729,0.8383233378532864,-0.5298286645421155,1
215,HoReCa,Lisbon,2806,10765,15538,1374,5828,2388,0.3816848851152033,-0.20554207437417693,0.5637770712241391,-0.3665393497305284,1.1064190909578595,-0.16193210108404668,1
216,Retail,Lisbon,2532,16599,36486,179,13308,674,0.8561084992483579,0.0522282761330386,0.6823226381255029,0.13431704338982842,1.139023940881391,0.08457074232391971,2
217,HoReCa,Lisbon,18044,1475,2046,2532,130,1158,-0.26385809805066035,0.0966644185854679,-0.33987444202615874,0.2589104696457049,-0.7611033417644156,0.3229265974243895,4
218,Retail,Lisbon,18,7504,15205,1285,4797,6372,0.3394978092684617,-0.10882807819046077,0.455548400026565,-0.11542313405861253,0.7544789819835664,-0.023527539845811688,1
219,HoReCa,Lisbon,4155,367,1390,2306,86,130,-0.25347556855407044,-0.15148329375931271,-0.4088252220131951,-0.1416541214072338,-0.5687787150694911,-0.4771726389665562,0
220,HoReCa,Lisbon,14755,899,1382,1765,56,749,-0.276742503701406,0.015958414470288368,-0.3960614453080252,0.1292524783109774,-0.7545718019342873,0.032732446395004805,0
221,HoReCa,Lisbon,5396,7503,10646,91,4167,239,0.13497633118692007,-0.2437190437890959,0.17945869742049345,-0.4166085424586757,0.6946544564301751,-0.5369351169322315,1
222,HoReCa,Lisbon,5041,1115,2856,7496,256,375,-0.21916716088579624,-0.009502840222790479,-0.2595294414928271,0.0886913459225206,-0.4859959657148856,-0.09218928480720473,0
223,Retail,Lisbon,2790,2527,5265,5612,788,1360,-0.1488309234796532,-0.10717682624373663,-0.23836644143967856,-0.1026688547044478,-0.3317315239880592,-0.3224891905099113,0
224,HoReCa,Lisbon,7274,659,1499,784,70,659,-0.2520951206594768,-0.1324288042017963,-0.4134148462125057,-0.12003576570669297,-0.5923610281414088,-0.4125901257632005,0
225,HoReCa,Lisbon,12680,3243,4157,660,761,786,-0.1849013878566025,-0.07056030982307791,-0.31532341493376115,-0.04944383464138693,-0.5605334727136602,-0.17841157776212807,0
226,Retail,Lisbon,20782,5921,9212,1759,2568,1553,-0.01766416163395156,0.08915896704604448,0.026312579879099046,0.15858092995298426,0.13292734413431662,0.8571781391372222,4
227,HoReCa,Lisbon,4042,2204,1563,2286,263,689,-0.22409598690219729,-0.16009384982822278,-0.3888709945620231,-0.17749864315925806,-0.5354552008010549,-0.5179441841464484,0
228,HoReCa,Lisbon,1869,577,572,950,4762,203,-0.10826694391873223,-0.2350512714863665,-0.1875473219578186,-0.2809367591673478,-0.13055924098222374,-0.5950191424120794,0
229,HoReCa,Lisbon,8656,2746,2501,6845,694,980,-0.20936404605279293,0.025301654434155076,-0.2712975419765201,0.1262115563068169,-0.5514546450562792,0.07100006138115014,0
230,Retail,Lisbon,11072,5989,5615,8321,955,2137,-0.09528798953706176,0.11527784208406383,-0.05263029424140308,0.22245097841538927,-0.17683637187318274,0.4733125592431229,4
231,HoReCa,Lisbon,2344,10678,3828,1439,1566,490,0.0004315997442410209,-0.21642910247601188,-0.02773464112445331,-0.31577892624535475,0.20444983482959173,-0.5163374815235824,1
232,HoReCa,Lisbon,25962,1780,3838,638,284,834,-0.21724635198137132,0.20516503872184466,-0.1697426431881703,0.419913833906008,-0.484692160898714,0.5482666357857147,4
233,HoReCa,Lisbon,964,4984,3316,937,409,7,-0.1372071925425613,-0.24461544496295276,-0.26566468333300786,-0.32214336671528704,-0.21456853452728436,-0.6918409452999178,0
234,HoReCa,Lisbon,15603,2703,3833,4260,325,2563,-0.20226601695483853,0.10410553981973934,-0.24753433848759826,0.2396208200758695,-0.6453219304917313,0.4910920938924913,4
235,HoReCa,Lisbon,1838,6380,2824,1218,1216,295,-0.1047977799214131,-0.2350809256751516,-0.2197841229042632,-0.3286661864263628,-0.12927279600797595,-0.6864091903181624,0
236,HoReCa,Lisbon,8635,820,3047,2312,415,225,-0.24118348395274064,-0.09719148895924656,-0.4016818557092004,-0.07035311448754636,-0.6499483625951316,-0.3305803694247068,0
237,HoReCa,Lisbon,18692,3838,593,4634,28,1215,-0.2535214961550785,0.16468705383713994,-0.27968324696533825,0.35642073388027057,-0.7201730603772529,0.5185874330461436,4
238,HoReCa,Lisbon,7363,475,585,1112,72,216,-0.2682207184972377,-0.12321350190511834,-0.4239632649068008,-0.09599618829119476,-0.6168923602685795,-0.3924343569117408,0
239,HoReCa,Lisbon,47493,2567,3779,5243,828,2253,-0.07489993624000152,0.6917984917141017,0.28575716089535136,0.7247260329217594,-0.22763899089195586,1.03722931284182,3
240,HoReCa,Lisbon,22096,3575,7041,11422,343,2564,-0.0965565620969526,0.4139073234701743,0.11831277831945693,0.5631274838825195,-0.19764709288583893,0.8477095787685676,4
241,HoReCa,Lisbon,24929,1801,2475,2216,412,1047,-0.2407268040411956,0.2232847632888388,-0.20941675695844164,0.4534930908895601,-0.5898035570727481,0.6153098951874886,4
242,HoReCa,Lisbon,18226,659,2914,3752,586,578,-0.25980539497565264,0.1159914773805831,-0.32208380312903623,0.29073159427008405,-0.7459744003815221,0.3677147696041164,4
243,HoReCa,Lisbon,11210,3576,5119,561,1682,2398,-0.11391795702827512,-0.08591592468385319,-0.20226047870216712,-0.10490391868740508,-0.2845084877410687,-0.1624451654030725,0
244,HoReCa,Lisbon,6202,7775,10817,1183,3143,1970,0.1160498245306582,-0.18687209227894447,0.1552159436674898,-0.34569171037598656,0.8385841247557096,-0.4176666909765471,1
245,Retail,Lisbon,3062,6154,13916,230,8933,2784,0.3857211065086851,-0.21349561113975815,0.5547240543368981,-0.3343174832850529,0.9707709367600966,-0.1887147657624048,1
246,HoReCa,Lisbon,8885,2428,1777,1777,430,610,-0.23338442306079665,-0.10114801745682744,-0.39806614563472653,-0.08572401575893186,-0.6531311468261457,-0.3442111268029001,0
247,HoReCa,Lisbon,13569,346,489,2077,44,659,-0.29212930975384965,0.005872884301030714,-0.4156248975924337,0.11627520898098664,-0.7656861347274513,-0.02592722047587671,0
248,HoReCa,Lisbon,15671,5279,2406,559,562,572,-0.18796245932947747,-0.011793906755095014,-0.2780181716597748,0.05471675252047328,-0.5078678605800039,0.057873654093068175,0
249,HoReCa,Lisbon,8040,3795,2070,6340,918,291,-0.1996792072574272,-0.010505601861656238,-0.2759581816272662,0.06616679216806368,-0.5182810145462845,-0.038358261678485085,0
250,HoReCa,Lisbon,3191,1993,1799,1730,234,710,-0.21723979245403616,-0.18274045867299668,-0.38134606497239293,-0.21236965236679267,-0.4879973032344811,-0.5679022758598256,0
251,Retail,Lisbon,6134,23133,33586,6746,18594,5121,0.8300063944683369,0.26823747719131386,0.5198331683050438,0.2479707828109161,1.1379947083592497,0.34652144800895285,2
252,HoReCa,Lisbon,6623,1860,4740,7683,205,1693,-0.1820553439102341,0.029107134434793118,-0.20505854327691686,0.12854263416523407,-0.4194826384238016,0.0785504637310976,0
253,HoReCa,Lisbon,29526,7961,16966,432,363,1391,0.09650551028986752,0.25146618717834096,0.2675738247659641,0.33616748512069605,0.303670556284354,0.7772690762746222,4
254,HoReCa,Lisbon,10379,17972,4748,4686,1547,3265,0.16648378516561269,0.0651444728692445,0.3041446964083778,0.06877205850171868,0.4767447516241115,0.3569227233862336,1
255,HoReCa,Lisbon,31614,489,1495,3242,111,615,-0.2487631282975672,0.3828872751120292,-0.07754402837795046,0.6389873371305025,-0.5390075322532063,0.7302206284829814,4
256,HoReCa,Lisbon,11092,5008,5249,453,392,373,-0.14801309205872784,-0.10851954825063102,-0.2654336434964497,-0.1255509764484333,-0.3821959536749011,-0.29889597262883016,0
257,HoReCa,Lisbon,8475,1931,1883,5004,3593,987,-0.1516011088811459,-0.05272089605939239,-0.23480802141093124,-0.02282673695305092,-0.4021457427263104,-0.11800008056731953,0
258,HoReCa,Lisbon,56083,4563,2124,6422,730,3321,0.01592294214143085,0.7920464475253446,0.3775829111993851,0.6033152012679043,-0.16287045559414326,1.0778692468338578,3
259,HoReCa,Lisbon,53205,4959,7336,3012,967,818,0.008592113071722276,0.6899072611194252,0.3457109902922613,0.6348102604496021,-0.093527440795069,1.0035735458937045,3
260,HoReCa,Lisbon,9193,4885,2157,327,780,548,-0.17501645528973953,-0.13373546784703094,-0.3132597308191733,-0.15725808158483212,-0.4288243156662757,-0.4023399908508337,0
261,HoReCa,Lisbon,7858,1110,1094,6818,49,287,-0.259331896509405,0.02145130355765245,-0.3164571115187121,0.13895899411569165,-0.6155703943926605,-0.024079885697912785,0
262,HoReCa,Lisbon,23257,1372,1677,982,429,655,-0.2527973780663936,0.16061169656690275,-0.2515977612993461,0.36231280968627017,-0.5983790011843194,0.42043529453578615,4
263,HoReCa,Lisbon,2153,1115,6684,4324,2894,411,-0.09119585063146986,-0.18090200901926204,-0.17696451432544882,-0.2347867062545307,-0.12708378818833915,-0.5301142301345834,0
264,Retail,Lisbon,1073,9679,15445,61,5980,1265,0.3636232006422543,-0.2683733115033208,0.5323016278035859,-0.4363336224073184,1.0165863828838952,-0.3616829066480366,1
265,HoReCa,Lisbon,5909,23527,13699,10155,830,3636,0.3767623884430381,0.1890062286079222,0.4585752361317082,0.19049822353758208,0.6307447859594298,0.4034678491899798,2
266,Retail,Lisbon,572,9763,22182,2221,4882,2563,0.453646701409136,-0.17903350853715633,0.6284571456252737,-0.27323833811512804,1.032255484990612,-0.09417391606309876,2
267,HoReCa,Lisbon,20893,1222,2576,3975,737,3628,-0.20133067730894416,0.2257457677258057,-0.14260287781261452,0.4126081107217912,-0.4817348039365521,0.6669117174377442,4
268,Retail,Lisbon,11908,8053,19847,1069,6374,698,0.3808731816574877,-0.1046658958740112,0.5784450537863965,-0.2255168647322633,1.0294519731643257,0.15140303999570506,1
269,HoReCa,Lisbon,15218,258,1138,2516,333,204,-0.286191301644888,0.03549594803465345,-0.3919039058497988,0.16641640698709176,-0.7561135833037497,0.06445335715384279,0
270,HoReCa,Lisbon,4720,1032,975,5500,197,56,-0.2527421217887201,-0.06744491847335046,-0.3532410162812313,-0.000247681998949803,-0.5808961495440831,-0.2608567209564292,0
271,HoReCa,Lisbon,2083,5007,1563,1120,147,1550,-0.16106185054423908,-0.20118500042562676,-0.29186345514991996,-0.2593073452974361,-0.3029874184893329,-0.5831046167839667,0
272,HoReCa,Lisbon,514,8323,6869,529,93,1040,-0.020916954802579726,-0.2504867579959293,-0.07505103033487137,-0.3612560683776751,0.14454654241797926,-0.6306363917792028,1
273,HoReCa,Other,36817,3045,1493,4802,210,1824,-0.18181605963288466,0.5275787081911957,0.08797605088462826,0.7434248092950705,-0.3895391120647433,0.9510026125502622,3
274,HoReCa,Other,894,1703,1841,744,759,1153,-0.18456155213033704,-0.22923174292788304,-0.33144897703021725,-0.28289127420878296,-0.34732141148243995,-0.6526842234280255,0
275,HoReCa,Other,680,1610,223,862,96,379,-0.2235061343560142,-0.2189439205512569,-0.36498947102980106,-0.24151561398627835,-0.427625704415224,-0.6158215295516257,0
276,HoReCa,Other,27901,3749,6964,4479,603,2503,-0.1310688168545401,0.34447681803832786,0.002320041323092364,0.5687935392483446,-0.2781417781522895,1.0188084618607576,4
277,HoReCa,Other,9061,829,683,16919,621,139,-0.0861123610274769,0.34018875500777307,0.21012588820810615,0.401331630593652,-0.26296602278913456,0.35194919920138823,4
278,HoReCa,Other,11693,2317,2543,5845,274,1409,-0.2334911521118211,0.05967525239122087,-0.30876620043692793,0.182827130065514,-0.6946218480416084,0.20768777142722156,4
279,Retail,Other,17360,6200,9694,1293,3620,1721,0.0417507117330141,0.0030825465268449065,0.08769572443434621,-0.010576926365420472,0.5116506039509312,0.6241113802738126,1
280,HoReCa,Other,3366,2884,2431,977,167,1104,-0.1922332921875999,-0.1947558659383317,-0.3506086911199661,-0.2437261366928725,-0.4171475359102317,-0.5939857504811051,0
281,Retail,Other,12238,7108,6235,1093,2328,2079,-0.026758960517263168,-0.07469248958370746,-0.05739476711404811,-0.12375528535901473,0.14876709501423807,-0.0005987060623452585,0
282,HoReCa,Other,49063,3965,4252,5970,1041,1404,-0.05034227866152008,0.7108117529413718,0.31007578681446035,0.7090390097921301,-0.19098477493697089,1.0502408553035445,3
283,HoReCa,Other,25767,3613,2013,10303,314,1384,-0.17831066955599933,0.4459480493320308,0.04305287994316176,0.6381260066603721,-0.3919033206707436,0.8441473015641757,4
284,HoReCa,Other,68951,4411,12609,8692,751,2406,0.17062847798287428,0.8158332850370154,0.41581643774823895,0.4193427163988519,-0.006435035133444032,1.1186139335740115,3
285,HoReCa,Other,40254,640,3600,1042,436,18,-0.16235503681326902,0.4782728247750978,0.122540543058592,0.6534871681387454,-0.34215309625155826,0.7620946764219407,4
286,HoReCa,Other,7149,2247,1242,1619,1226,128,-0.21699720397392588,-0.14176398290435244,-0.379186828938899,-0.1509552023377802,-0.5422523264981254,-0.4601521917206643,0
287,HoReCa,Other,15354,2102,2828,8366,386,1027,-0.22220479818972894,0.19447408020090112,-0.18366779502095767,0.3831512828078985,-0.5443392089972953,0.4857570250253537,4
288,HoReCa,Other,16260,594,1296,848,445,258,-0.2697173589825,0.018137456492363143,-0.3677216908530889,0.13757464025499666,-0.6727206862239881,0.033842491860131094,0
289,HoReCa,Other,42786,286,471,1388,32,22,-0.17683380488192446,0.5333739087423081,0.15619673224980693,0.6652264783225915,-0.4018633823409287,0.7597791913283871,3
290,HoReCa,Other,2708,2160,2642,502,965,1522,-0.1677451911829055,-0.21373632661876085,-0.3143728111931617,-0.2766802141233509,-0.32726792130869786,-0.6267451102265867,0
291,HoReCa,Other,6022,3354,3261,2507,212,686,-0.19905243932422406,-0.13687575596888765,-0.3599843378584549,-0.15843029184675347,-0.5528072197386013,-0.4785700603728725,0
292,HoReCa,Other,2838,3086,4329,3838,825,1060,-0.15777421654656495,-0.15828546933385396,-0.29135796234887834,-0.19747291026306926,-0.3813325141405529,-0.5336908398558237,0
293,Retail,Porto,3996,11103,12469,902,5952,741,0.3131908957479099,-0.23038663942512114,0.4686830215519913,-0.4059621299294042,1.0172776927652478,-0.28866521440285964,1
294,HoReCa,Porto,21273,2013,6550,909,811,1854,-0.16324645923546185,0.11494615682325272,-0.17183144737878492,0.2610187369928708,-0.4105438885939983,0.5322166581846709,4
295,Retail,Porto,7588,1897,5234,417,2208,254,-0.13272251008506722,-0.18105950690071346,-0.2655332180845534,-0.2436155719620101,-0.28159408849951184,-0.5610662160377988,0
296,HoReCa,Porto,19087,1304,3643,3045,710,898,-0.2375943582349353,0.11436065684679254,-0.29770613434406085,0.2833840797503585,-0.7170561951229479,0.43607659113991787,4
297,Retail,Porto,8090,3199,6986,1455,3712,531,-0.04337777516480198,-0.17226808714924213,-0.11971899037075726,-0.27190417315344795,0.040525948349615384,-0.5972135704297663,0
298,Retail,Porto,6758,4560,9965,934,4538,1037,0.07704175629416814,-0.2070092551371192,0.08449477145517577,-0.36352722222935496,0.6179558520240045,-0.5633892876545622,1
299,HoReCa,Porto,444,879,2060,264,290,259,-0.20158531498320945,-0.2404916059734815,-0.3405156514663065,-0.276332107705958,-0.3654361422116825,-0.6564912695521126,0
300,Retail,Porto,16448,6243,6360,824,2662,2005,-0.03936375330427468,-0.005113522089986318,-0.04893722121611342,0.005602303737202018,0.051463945608575534,0.4215357179792827,0
301,Retail,Porto,5283,13316,20399,1809,8752,172,0.5790341532858289,-0.14393768725749928,0.7742541865913969,-0.22886520228985405,1.1150820869527949,0.00746427312012597,2
302,Retail,Porto,2886,5302,9785,364,6236,555,0.1664076413489734,-0.2733449575759212,0.22920252886323764,-0.4461264840519533,0.6900687112541432,-0.5665517051464757,1
303,Retail,Porto,2599,3688,13829,492,10069,59,0.35160309487107905,-0.23784265677637356,0.5055816040427812,-0.31714119225155474,0.7961912787761706,-0.2962977673381092,1
304,Retail,Porto,161,7460,24773,617,11783,2410,0.6687072642792737,-0.13874811912766613,0.7710914221737651,-0.12696710773182235,1.073675626858006,-0.0636407983188702,2
305,Retail,Porto,243,12939,8852,799,3909,211,0.2182638704275075,-0.2627722084358273,0.3083983987722232,-0.3958960657338042,0.7158428849490931,-0.4597803580071122,1
306,Retail,Porto,6468,12867,21570,1840,7558,1543,0.5645409041779111,-0.12090643751188873,0.771166900736684,-0.22583872195171525,1.1623273507654823,0.0942142045151947,2
307,HoReCa,Porto,17327,2374,2842,1149,351,925,-0.2332611355023156,0.04130924341109042,-0.3252010888394001,0.16107677364084855,-0.6690218084401479,0.19385213849782665,0
308,HoReCa,Porto,6987,1020,3007,416,257,656,-0.2220758899924083,-0.15406072281652852,-0.3836519768974652,-0.16584414087348354,-0.5189455135166302,-0.4681537889877288,0
309,Retail,Porto,918,20655,13567,1465,6846,806,0.535270294745829,-0.13998191605745267,0.6578228765045812,-0.15539718300181155,0.9931804792692728,-0.06913694644049616,2
310,HoReCa,Porto,7034,1492,2405,12569,299,1117,-0.15527344246263253,0.1945017414848253,0.013134526972497614,0.3416227862062393,-0.3128221748594219,0.26089085646336496,4
311,HoReCa,Porto,29635,2335,8280,3046,371,117,-0.15461196305465552,0.31073056460497656,-0.02646662316637676,0.5344281621502379,-0.31920854511938296,0.7930297003694692,4
312,Retail,Porto,2137,3737,19172,1274,17120,142,0.6186335502083529,-0.06927034384794001,0.628425328392118,0.02166110381201193,0.8909160407858938,-0.061441896113585935,2
313,HoReCa,Porto,9784,925,2405,4447,183,297,-0.260349924907951,-0.020772647746030284,-0.3871425828665184,0.0636752978861176,-0.7192331356070809,-0.1042937708902974,0
314,HoReCa,Porto,10617,1795,7647,1483,857,1233,-0.14530141935987267,-0.09283980528286527,-0.2629924498388873,-0.10391546870091753,-0.4569110654487581,-0.25890377195854186,0
315,Retail,Porto,1479,14982,11924,662,3891,3508,0.34784311744491464,-0.17293756257529816,0.4880789733433583,-0.2580640104320352,0.9043535177851378,-0.12062724542745433,1
316,HoReCa,Porto,7127,1375,2201,2679,83,1059,-0.2433468505487403,-0.09934065783465304,-0.4056801222934801,-0.07842738547810978,-0.6652328940847253,-0.3443341307738475,0
317,HoReCa,Porto,1182,3088,6114,978,821,1637,-0.1029852341130009,-0.2373453905054448,-0.2225363086909699,-0.3367088168451973,-0.12875578170180366,-0.7017269707194139,0
318,HoReCa,Porto,11800,2713,3558,2121,706,51,-0.21333318630860185,-0.060148280836506786,-0.3551299042207885,-0.02114589999786274,-0.6562242638040713,-0.1843687167242536,0
319,Retail,Porto,9759,25071,17645,1128,12408,1625,0.7535925665023764,0.0631503877268793,0.6860453151378296,0.09283643838493423,1.0905597610204627,0.23459112355072126,2
320,HoReCa,Porto,1774,3696,2280,514,275,834,-0.17035208030556304,-0.2280447489677216,-0.3169738128583717,-0.2934003819114116,-0.31668962986504884,-0.6583294268157114,0
321,HoReCa,Porto,9155,1897,5167,2714,228,1113,-0.20152632115768995,-0.07965234275778094,-0.3489666910238809,-0.06420395700677492,-0.6645996830197576,-0.26849998397662583,0
322,HoReCa,Porto,15881,713,3315,3703,1470,229,-0.23318000239818026,0.05392024043637417,-0.32180550498710864,0.18181153108831608,-0.7022815062179569,0.21324857286927626,4
323,HoReCa,Porto,13360,944,11593,915,1679,573,-0.0732809374882697,-0.07195789340045082,-0.11449573525942258,-0.07588106418664513,-0.08822732469499676,-0.04220982699340041,0
324,HoReCa,Porto,25977,3587,2464,2369,140,1092,-0.22240246712110476,0.24904878991606716,-0.16799625744857186,0.4835178536196519,-0.5344033333590468,0.6978176102658493,4
325,HoReCa,Porto,32717,16784,13626,60869,1272,5609,0.3645901980791307,0.414934678814165,0.3882136372003399,0.2561515763125368,0.15258131188846122,0.7078871237963972,3
326,HoReCa,Porto,4414,1610,1431,3498,387,834,-0.2344965858954119,-0.12475898490557175,-0.3876698211722862,-0.11475102100598693,-0.5836677842019987,-0.4206782038907324,0
327,HoReCa,Porto,542,899,1664,414,88,522,-0.211083257976874,-0.23122363325937725,-0.3525005197035214,-0.2626248329156096,-0.3932001199473719,-0.638214464597045,0
328,HoReCa,Porto,16933,2209,3389,7849,210,1534,-0.21882625346388465,0.21598610305253468,-0.1782668298380044,0.414147568166299,-0.5558661750866383,0.5895725940776336,4
329,HoReCa,Porto,5113,1486,4583,5127,492,739,-0.1977034554866601,-0.08680090593463237,-0.31507782184368344,-0.05942992699149724,-0.511813184315072,-0.2881341523006622,0
330,HoReCa,Porto,9790,1786,5109,3570,182,1043,-0.20995105498045208,-0.04792364260347185,-0.3462565480743133,-0.006124969332525029,-0.7049492664130246,-0.14609796263354144,0
331,Retail,Porto,11223,14881,26839,1234,9606,1102,0.7093013264215742,-0.01439946510285434,0.8114916021945145,-0.0473287779792087,1.141708551317395,0.2424809754547235,2
332,HoReCa,Porto,22321,3216,1447,2208,178,2602,-0.2215067484910826,0.19822074710933288,-0.1969497364911469,0.395330571410332,-0.5528001364520119,0.6188578310834187,4
333,Retail,Porto,8565,4980,67298,131,38102,1215,0.434587659740156,0.41323014851232975,0.3887308292712917,0.2565075719670836,1.0109521748306198,0.20874710170997554,3
334,Retail,Porto,16823,928,2743,11559,332,3486,-0.15326600559671513,0.3529643285281322,0.058476748869632236,0.49762071970375105,-0.3280744978996015,0.6292655661978219,4
335,Retail,Porto,27082,6817,10790,1365,4111,2139,0.08278961564839793,0.20653038932207302,0.2264666763669939,0.2964668954567909,0.3804475443330475,0.9367443168209788,4
336,HoReCa,Porto,13970,1511,1330,650,146,778,-0.2595470027233205,-0.02315257049573427,-0.385118068584506,0.06064276791315493,-0.6757321934083567,-0.07042865977859984,0
337,HoReCa,Porto,9351,1347,2611,8170,442,868,-0.22310835608242724,0.08271573353678432,-0.2309358248345695,0.223044003045206,-0.5256453398500691,0.16855655593988764,4
338,HoReCa,Porto,3,333,7021,15601,15,550,-0.04264885206240629,0.1942941955446113,0.1936950655996824,0.30198465740815594,-0.13315520956455154,0.14959856387358486,4
339,HoReCa,Porto,2617,1188,5332,9584,573,1942,-0.13524471098953225,0.03422643070514796,-0.08125119583729229,0.14198250994142494,-0.2425561028494271,0.03697099597884345,0
340,Retail,Other,381,4025,9670,388,7271,1371,0.1999356450539057,-0.2858140436695562,0.28155202397469,-0.4348092267883476,0.68352349802784,-0.5356175479966193,1
341,Retail,Other,2320,5763,11238,767,5162,2158,0.1804159137833918,-0.2521467390316625,0.2519722701018453,-0.4315313230212324,0.8115240249334548,-0.5078456320568417,1
342,HoReCa,Other,255,5758,5923,349,4595,1328,0.06482961898328388,-0.2906541961382124,0.0477968844261194,-0.4542277552473973,0.42595726079243695,-0.7410227377666562,1
343,Retail,Other,1689,6964,26316,1456,15469,37,0.720437892878257,-0.06025902454876113,0.7106863091188899,0.016683836766824618,1.0142972919430706,-0.023234001140345482,2
344,HoReCa,Other,3043,1172,1763,2234,217,379,-0.23127723076462636,-0.17379797132994504,-0.3914529294611674,-0.1873301674769629,-0.5159748690215461,-0.5402129782351106,0
345,HoReCa,Other,1198,2602,8335,402,3843,303,0.011831305698776613,-0.2874563862536064,-0.0379245226603059,-0.4301218194563329,0.2355566862685766,-0.7538589361967507,1
346,Retail,Other,2771,6939,15541,2693,6600,1115,0.3155093987322871,-0.217343696938591,0.4772997971870034,-0.3846133998469815,1.0079491095698636,-0.2520894145964693,1
347,Retail,Other,27380,7184,12311,2809,4621,1022,0.11292368716223775,0.22004214305385347,0.269641010119468,0.2971316979045261,0.4399120442019732,0.9591966048387208,4
348,HoReCa,Other,3428,2380,2028,1341,1184,665,-0.1854003761790465,-0.20097788720997734,-0.3471054757388596,-0.2551537707311464,-0.4072770294551841,-0.6286880278834229,0
349,Retail,Other,5981,14641,20521,2005,12218,445,0.6971090129336225,-0.08095061886260366,0.8156262449953643,-0.1038232073043423,1.1250459185179411,0.08568602617228999,2
350,HoReCa,Other,3521,1099,1997,1796,173,995,-0.2267030488337503,-0.17066416003644808,-0.3894495307066877,-0.18965674252110964,-0.5170752112349339,-0.530746075297089,0
351,Retail,Other,1210,10044,22294,1741,12638,3137,0.6967538631524292,-0.10049650018261357,0.7882255899770114,-0.0991429381887553,1.1156656328340768,0.02347413217575644,2
352,HoReCa,Other,608,1106,1533,830,90,195,-0.2153388944479221,-0.22655277684864356,-0.3584682901761759,-0.254664605207081,-0.4082866441435447,-0.6339544220161563,0
353,Retail,Other,117,6264,21203,228,8682,1111,0.4985986974079783,-0.23574899172616326,0.6804823620864882,-0.31218455461858186,0.9994307732371108,-0.23760612367762995,2
354,HoReCa,Other,14039,7393,2548,6386,1333,2341,-0.11648449387037785,0.11964865198322172,-0.09579877000369434,0.2280912758202483,-0.2782798168119753,0.584916160996954,4
355,HoReCa,Other,190,727,2012,245,184,127,-0.20470530458821146,-0.2416316989236407,-0.33915919881271595,-0.2721654241624322,-0.36805301506196303,-0.6546279942664642,0
356,HoReCa,Other,22686,134,218,3157,9,548,-0.29834694233404546,0.20803255506427812,-0.2825655132400368,0.4358126022955083,-0.7190451711327751,0.453818134056609,4
357,Retail,Other,37,1275,22272,137,6747,110,0.35458793204078193,-0.2399848450596569,0.4931947764853442,-0.2689092346383869,0.7352268027722351,-0.31707422478162245,1
358,HoReCa,Other,759,18664,1660,6114,536,4100,0.15654320903615052,0.02303159059310178,0.29463318067784405,0.0692753379534901,0.35668248590200435,0.10082361553947612,1
359,HoReCa,Other,796,5878,2109,340,232,776,-0.13296062532862926,-0.2425130538283208,-0.25164922962872904,-0.3183642453518525,-0.19135297809949164,-0.6632464879611907,0
360,HoReCa,Other,19746,2872,2006,2601,468,503,-0.24482218319743165,0.11719966731881945,-0.2989242032680827,0.2897378299510166,-0.6949081513247747,0.40484271671930094,4
361,HoReCa,Other,4734,607,864,1206,159,405,-0.2508876814810189,-0.16197792613249518,-0.4109663113883563,-0.16140010176652905,-0.5543035346198822,-0.4949775471246222,0
362,HoReCa,Other,2121,1601,2453,560,179,712,-0.2013265411206207,-0.21752360343857485,-0.35623115109822,-0.2618167761445459,-0.3997542605357348,-0.6264557320452165,0
363,HoReCa,Other,4627,997,4438,191,1335,314,-0.16582584897531458,-0.21261767552628444,-0.3139427342468709,-0.2708110225835608,-0.32819005255193423,-0.6200164649343597,0
364,HoReCa,Other,2615,873,1524,1103,514,468,-0.22116861589845527,-0.20081446265607467,-0.3791471801830556,-0.22808719463702476,-0.4594658284257093,-0.5910420733727747,0
365,Retail,Other,4692,6128,8025,1619,4515,3105,0.10384642388422052,-0.18056635179978284,0.13875935027324332,-0.3148640049784173,0.6521952462450773,-0.3376221753347253,1
366,HoReCa,Other,9561,2217,1664,1173,222,447,-0.2413805831133605,-0.09945236072314184,-0.4018851901578189,-0.07648267368047038,-0.6356023470953597,-0.3243201528089327,0
367,HoReCa,Other,3477,894,534,1457,252,342,-0.2449562893188633,-0.17565701226944122,-0.4022843820433048,-0.1817765181668819,-0.5268160051379541,-0.5306154986099316,0
368,HoReCa,Other,22335,1196,2406,2046,101,558,-0.2622927006430017,0.1644231229794445,-0.27603089989377266,0.3704988079767618,-0.6601864363766897,0.4468677298737664,4
369,HoReCa,Other,6211,337,683,1089,41,296,-0.2641235769423089,-0.13981941873624815,-0.4209044645327599,-0.12224306156304547,-0.5935250425258292,-0.4354846834973546,0
370,Retail,Other,39679,3944,4955,1364,523,2235,-0.10419518720877337,0.4989644538562848,0.16505220495802944,0.6779861840154188,-0.2031632398323928,0.9260991686237972,3
371,HoReCa,Other,20105,1887,1939,8164,716,790,-0.2314890775833571,0.27453341490343464,-0.14953691570807842,0.4947923172017044,-0.5541130588192142,0.6389593069170741,4
372,HoReCa,Other,3884,3801,1641,876,397,4829,-0.10402458920967338,-0.09573213829606292,-0.0960332323145322,-0.07813667478542885,-0.12174898497729215,-0.17717387407651994,0
373,Retail,Other,15076,6257,7398,1504,1916,3113,-0.02651723594076012,0.010514707447553513,-0.01641843844824058,0.022376105791714427,0.11867552358515215,0.4760758663534385,0
374,HoReCa,Other,6338,2256,1668,1492,311,686,-0.22755536629915654,-0.14389315600264027,-0.3967268115418852,-0.15484255268950425,-0.5721769877713153,-0.4696859403896408,0
375,HoReCa,Other,5841,1450,1162,597,476,70,-0.2329427474645345,-0.1678400593057773,-0.3918964469038705,-0.17693156129936727,-0.5111954695120763,-0.5034719702684687,0
376,Retail,Other,3136,8630,13586,5641,4666,1426,0.22812372844737766,-0.13609702096712026,0.3495077102315736,-0.2520420315434834,0.8756532066049271,-0.07314671425666285,1
377,HoReCa,Other,38793,3154,2648,1034,96,1242,-0.158711564227741,0.4721333257068641,0.10566190847121602,0.673369856417609,-0.3213177753085314,0.8279596517900466,4
378,HoReCa,Other,3225,3294,1902,282,68,1114,-0.18883372708592686,-0.20452818566012004,-0.3388598796612376,-0.25410633702508084,-0.3791084614400023,-0.5934955578846272,0
379,Retail,Other,4048,5164,10391,130,813,179,-0.01915198626818649,-0.23759825603683374,-0.07879826909289195,-0.3549179198824445,0.14897729492938366,-0.6221153874050604,1
380,HoReCa,Other,28257,944,2146,3881,600,270,-0.2465593284595995,0.3200836008749901,-0.13699014414873514,0.5755076782882418,-0.5598441406748547,0.6994683187226174,4
381,HoReCa,Other,17770,4591,1617,9927,246,532,-0.19286126956536245,0.2802117359525257,-0.06713238007907248,0.4700859345138741,-0.4241834181487254,0.5878263142571646,4
382,HoReCa,Other,34454,7435,8469,2540,1711,2893,-0.0003546210116815636,0.41727127971884304,0.2106344723700513,0.5755025593158936,0.06771860008186208,1.0543026925543406,3
383,HoReCa,Other,1821,1364,3450,4006,397,361,-0.20235212412766904,-0.16016425430075545,-0.3374181001843761,-0.16765817579159892,-0.4480271579448591,-0.5034970290018203,0
384,HoReCa,Other,10683,21858,15400,3635,282,5120,0.3887285656759156,0.12935120685985882,0.4887169240956618,0.1296545106429773,0.7151098117570309,0.40820850704028216,2
385,HoReCa,Other,11635,922,1614,2583,192,1068,-0.2668428870093283,-0.022300344100477987,-0.4097079452730503,0.057696919041735364,-0.7717294534576525,-0.08743854792198093,0
386,HoReCa,Other,1206,3620,2857,1945,353,967,-0.1675456644371027,-0.2124925251801033,-0.31496843781337996,-0.2757043848550838,-0.3371912720062108,-0.6513574174553879,0
387,HoReCa,Other,20918,1916,1573,1960,231,961,-0.2596334850371681,0.13864112939106016,-0.29668044857106896,0.3281900653322783,-0.6863766449919851,0.4172518672439124,4
388,HoReCa,Other,9785,848,1172,1677,200,406,-0.2672654873750734,-0.07865764864936957,-0.4241081905369757,-0.030810111949686525,-0.6881551904798363,-0.2713719938265632,0
389,HoReCa,Other,9385,1530,1422,3019,227,684,-0.2595522445057942,-0.057697609816203185,-0.4141783570123773,-0.0032910108538857343,-0.7359648920774762,-0.2159566383987075,0
390,HoReCa,Other,3352,1181,1328,5502,311,1000,-0.23358002662256516,-0.08173153816033177,-0.33685887455554225,-0.031155696287069577,-0.539633218017755,-0.2874327278114341,0
391,HoReCa,Other,2647,2761,2313,907,95,1827,-0.1837390898999312,-0.1925409343107973,-0.3255809984953701,-0.2383196337266045,-0.3745097703729932,-0.5610965457884848,0
392,HoReCa,Other,518,4180,3600,659,122,654,-0.1450314698002151,-0.24714367746884724,-0.28037430220935705,-0.3261562230177064,-0.2352237661386677,-0.7004494644655945,0
393,HoReCa,Other,23632,6730,3842,8620,385,819,-0.14304554903211006,0.3481289884423566,0.006362195861556905,0.5473971267024297,-0.30699234478255,0.859883424687497,4
394,HoReCa,Other,12377,865,3204,1398,149,452,-0.2494567061868572,-0.04722739645118657,-0.3922310303649956,0.01621423397529414,-0.686263378437394,-0.14884096821185214,0
395,HoReCa,Other,9602,1316,1263,2921,841,290,-0.2519455925291297,-0.06572591995647001,-0.4046742119688714,-0.015727406373496018,-0.7004706802166857,-0.2381395067049764,0
396,Retail,Other,4515,11991,9345,2644,3378,2213,0.1858413877948005,-0.1586181262921227,0.2785730210904923,-0.2924606118806625,0.8477254553506053,-0.16147521459395411,1
397,HoReCa,Other,11535,1666,1428,6838,64,743,-0.2583212358607981,0.08531887123880386,-0.3034758342533536,0.2334316097965611,-0.665748512616842,0.18735434791945,4
398,HoReCa,Other,11442,1032,582,5390,74,247,-0.2832593683100666,0.041954366058312716,-0.3697651997401881,0.1724525530548971,-0.7348507557246621,0.04966179824948636,0
399,HoReCa,Other,9612,577,935,1601,469,375,-0.2657863308329352,-0.08418250958407836,-0.4217411932761912,-0.03883115167181085,-0.6732966923213081,-0.2862245511698409,0
400,HoReCa,Other,4446,906,1238,3576,153,1014,-0.2484783374130313,-0.11365179405268945,-0.3961124399168777,-0.09020633126283732,-0.6058255316683694,-0.3839056429373948,0
401,HoReCa,Other,27167,2801,2128,13223,92,1902,-0.13117741602129845,0.5403795886460944,0.174574689385027,0.6272201390406889,-0.32000430175832434,0.8385421348222317,3
402,HoReCa,Other,26539,4753,5091,220,10,340,-0.16690136815194026,0.19746462512064428,-0.0990698455142201,0.3900650791391788,-0.3367409664094058,0.5709911012063275,4
403,HoReCa,Other,25606,11006,4604,127,632,288,-0.050501239022445375,0.17270163628228988,0.06014181656138742,0.2946910059990126,-0.010234511526488565,0.5751302867974157,4
404,HoReCa,Other,18073,4613,3444,4324,914,715,-0.19315108832719965,0.11598649782314857,-0.2374337018195748,0.2656861368195502,-0.6548229529763284,0.5727894385723399,4
405,HoReCa,Other,6884,1046,1167,2069,593,378,-0.2482778222564357,-0.12317680161017565,-0.4137578499250278,-0.10906607830590312,-0.6209689456012394,-0.4091018369683167,0
406,HoReCa,Other,25066,5010,5026,9806,1092,960,-0.12405508491236468,0.400191641587552,0.06187866382761994,0.5906116900872382,-0.2577653827469741,0.8996625578054172,4
407,Retail,Other,7362,12844,18683,2854,7883,553,0.5077540033498021,-0.11801127389489365,0.7199105183608602,-0.23564849967225185,1.1270125626033614,0.0989863115595086,2
408,Retail,Other,8257,3880,6407,1646,2730,344,-0.07857903856147785,-0.16098493125439328,-0.1809942021419916,-0.2451763591976913,-0.15426790927305653,-0.6223734374386752,0
409,HoReCa,Other,8708,3634,6100,2349,2123,5137,-0.01917889999051489,-0.01937673043173761,0.023853179572381727,-0.007948580461507345,0.10220396051105177,0.13858366860079907,0
410,HoReCa,Other,6633,2096,4563,1389,1860,1892,-0.13732085131090827,-0.15325677207665772,-0.26899681154682875,-0.20864455808521884,-0.3522852930779531,-0.5132191063806758,0
411,HoReCa,Other,2126,3289,3281,1535,235,4365,-0.1049090263456718,-0.127574766922994,-0.1252767386806378,-0.1303668294500457,-0.12302079499900907,-0.26837522430293764,0
412,HoReCa,Other,97,3605,12400,98,2970,62,0.07816278360284401,-0.3009980864743859,0.07833261518829754,-0.44322788482866304,0.3973492161821375,-0.6907510512278519,1
413,HoReCa,Other,4983,4859,6633,17866,912,2435,0.047196712547066116,0.3246657991308105,0.2906336699035083,0.362193697545345,0.0069680683851035844,0.3947042083273861,3
414,HoReCa,Other,5969,1990,3417,5679,1135,290,-0.1961067733595385,-0.06691528397389081,-0.2999335395254738,-0.023807643637592805,-0.5012355105234052,-0.2236936419555627,0
415,Retail,Other,7842,6046,8552,1691,3540,1874,0.043312331675738114,-0.15740129295009886,0.033069132500234084,-0.2882393510508848,0.6795503417737885,-0.5639105878835694,1
416,Retail,Other,4389,10940,10908,848,6728,993,0.31094232388260873,-0.22436963960255965,0.4647424797245154,-0.3963302091577822,1.010994654594456,-0.2693542351077786,1
417,HoReCa,Other,5065,5499,11055,364,3485,1063,0.08765106802057933,-0.23630042931632605,0.09561203949953057,-0.4065197452033573,0.6126212294604696,-0.626439643773033,1
418,Retail,Other,660,8494,18622,133,6740,776,0.4230334524293379,-0.26280865377989043,0.6089350123452214,-0.3979627597846603,1.0087233984149342,-0.3142118745526121,1
419,HoReCa,Other,8861,3783,2223,633,1580,1521,-0.16187984203147032,-0.12947736951423536,-0.2986250080945295,-0.1607359582231598,-0.4328552388072772,-0.4066323697655426,0
420,HoReCa,Other,4456,5266,13227,25,6818,1393,0.25796906308212564,-0.2438077412175945,0.3841667956115907,-0.4127637455864851,0.8873421107648827,-0.3590959151677769,1
421,Retail,Other,17063,4847,9053,1031,3415,1784,0.0016174629729841085,-0.0040766298294482965,0.018961285287000192,-0.00531617381636373,0.2762535278811053,0.5065622216036402,0
422,HoReCa,Other,26400,1377,4172,830,948,1218,-0.2001079746487432,0.2166255830821315,-0.1443280524915827,0.4321652690768705,-0.4446824981858609,0.6097190358212853,4
423,Retail,Other,17565,3686,4657,1059,1803,668,-0.15448601944923665,0.016238242183735926,-0.22555447447787674,0.09352752154802436,-0.4760132687037945,0.24945458491055664,0
424,Retail,Other,16980,2884,12232,874,3213,249,0.006299819377040665,-0.027232789551561342,0.03200306176934771,-0.02872090397968638,0.21069272619755586,0.2340848431817504,0
425,HoReCa,Other,11243,2408,2593,15348,108,1886,-0.09635990283512552,0.345838182002836,0.1666817515460242,0.4403412784043108,-0.23602367238563265,0.46479329072986,4
426,HoReCa,Other,13134,9347,14316,3141,5079,1894,0.2510135571916092,-0.03722926967518032,0.4101264208195109,-0.1459469453694211,1.1326647452831993,0.4523412923440133,1
427,HoReCa,Other,31012,16687,5429,15082,439,1163,0.12202406858356568,0.5770307506101835,0.3666327964631889,0.4480885615710111,0.11121969611923488,0.8918099341426834,3
428,HoReCa,Other,3047,5970,4910,2198,850,317,-0.10378109275582297,-0.20570768185419108,-0.2211861504871807,-0.2955028615234893,-0.16333406622073968,-0.6639662017023682,0
429,HoReCa,Other,8607,1750,3580,47,84,2501,-0.18834991134197449,-0.10792111938607486,-0.30181343750354706,-0.10453488914605864,-0.4240949937786324,-0.2736723663265647,0
430,HoReCa,Other,3097,4230,16483,575,241,2080,0.08527665494596227,-0.19777713136131206,0.12146063511718162,-0.2808561280873214,0.40631206511663104,-0.3293434207861332,1
431,HoReCa,Other,8533,5506,5160,13486,1377,1498,-0.04340566466643102,0.2294993610017515,0.13621791448230225,0.3484916300336847,-0.06632014191494681,0.40828089733118295,4
432,HoReCa,Other,21117,1162,4754,269,1328,395,-0.1954579839681712,0.08073893519409353,-0.2240988221409445,0.2251026316239636,-0.4622008755276754,0.3097716914226628,4
433,HoReCa,Other,1982,3218,1493,1541,356,1449,-0.18712002432874525,-0.19648554508860128,-0.3348631616928783,-0.2439740158750393,-0.3893828625415424,-0.5905524722844289,0
434,HoReCa,Other,16731,3922,7994,688,2371,838,-0.07532086050335435,-0.020250845636681114,-0.11372207835996792,0.002012780866036573,-0.1422984501163957,0.2306426540945403,0
435,HoReCa,Other,29703,12051,16027,13135,182,2204,0.16096475542242952,0.5338406283087378,0.3761623314298109,0.466778908771741,0.2511996470743059,0.9703442636368788,3
436,HoReCa,Other,39228,1431,764,4510,93,2346,-0.1809321962966527,0.570432794005563,0.13023102137034634,0.7451105238303104,-0.40017040878599053,0.93198100191935,3
437,Retail,Other,14531,15488,30243,437,14841,1867,0.8306305443109366,0.10440986153886847,0.7207467524010442,0.12240010136051588,1.1354324092019197,0.3062525759811325,2
438,HoReCa,Other,10290,1981,2232,1038,168,2125,-0.22127780312942893,-0.06688277753073307,-0.3520036077123481,-0.03390882762428441,-0.5946608317701935,-0.17990821571492724,0
439,HoReCa,Other,2787,1698,2510,65,477,52,-0.1947531896591521,-0.22490006492358544,-0.34342717028912284,-0.2682870154449541,-0.3702887263211467,-0.6312233940849089,0
